Time,Step,Temp
19:14:25,11,17.938204
19:14:27,1,17.820813
19:14:29,3,17.703413
19:14:31,2,17.762114
19:14:33,3,17.586001
19:14:35,3,17.791464
19:14:37,1,17.732764
19:14:39,0,17.556646
19:14:41,0,17.615355
19:14:43,0,17.703413
19:14:45,0,17.732764
19:14:47,0,17.615355
19:14:49,0,17.674061
